{
  "saved_at": "2026-04-29 09:03:14",
  "weights": {
    "市場環境": 5,
    "技術結構": 16,
    "起漲前兆": 18,
    "類股熱度": 15,
    "自動因子": 10,
    "交易可行": 10,
    "型態突破": 16,
    "爆發力": 10
  },
  "recommendations": [],
  "category_strength": [
    {
      "類別": "航空觀光",
      "股票數": 1,
      "類股平均總分": 64.3141380083,
      "類股平均訊號": 3.0,
      "類股平均漲幅": 43.8979923575,
      "類股平均雷達": 61.6,
      "類股平均自動因子": 72.7701957474,
      "類股平均起漲前兆": 56.72,
      "類股平均交易可行": 51.0541991943,
      "類股平均型態突破": 71.0,
      "類股平均爆發力": 64.0,
      "同族群平均量能分": 72.0,
      "同族群強勢比例": 100.0,
      "同族群推薦密度": 100.0,
      "類股熱度分數": 73.9501396864,
      "類股加速度": 55.6364784632,
      "族群資金流分數": 81.8845661234,
      "強勢族群等級": "A級強勢輪動",
      "族群輪動狀態": "高檔鈍化",
      "族群策略建議": "族群熱但加速度下降，避免追價，等拉回或量縮整理。",
      "族群資金流說明": "A級強勢輪動｜高檔鈍化｜強勢比例100.0%｜量能72.0｜密度100.0%",
      "類股熱度排名": 1
    },
    {
      "類別": "塑化",
      "股票數": 3,
      "類股平均總分": 68.9099592693,
      "類股平均訊號": 3.0,
      "類股平均漲幅": 67.5080313348,
      "類股平均雷達": 65.5333333333,
      "類股平均自動因子": 78.9503571425,
      "類股平均起漲前兆": 58.04,
      "類股平均交易可行": 49.2073339425,
      "類股平均型態突破": 73.0,
      "類股平均爆發力": 56.0,
      "同族群平均量能分": 25.0,
      "同族群強勢比例": 66.6666666667,
      "同族群推薦密度": 100.0,
      "類股熱度分數": 84.321534813,
      "類股加速度": 60.1109124288,
      "族群資金流分數": 61.8899642372,
      "強勢族群等級": "C級觀察族群",
      "族群輪動狀態": "中性輪動",
      "族群策略建議": "族群中性，個股條件需明確優於同類股。",
      "族群資金流說明": "C級觀察族群｜中性輪動｜強勢比例66.7%｜量能25.0｜密度100.0%",
      "類股熱度排名": 2
    },
    {
      "類別": "其他_主題未映射",
      "股票數": 2,
      "類股平均總分": 56.4601098477,
      "類股平均訊號": 2.0,
      "類股平均漲幅": 21.0596094596,
      "類股平均雷達": 57.3,
      "類股平均自動因子": 67.810453716,
      "類股平均起漲前兆": 50.06,
      "類股平均交易可行": 56.276727775,
      "類股平均型態突破": 67.0,
      "類股平均爆發力": 60.0,
      "同族群平均量能分": 66.0,
      "同族群強勢比例": 50.0,
      "同族群推薦密度": 50.0,
      "類股熱度分數": 56.8603602304,
      "類股加速度": 45.5730752577,
      "族群資金流分數": 54.2731535464,
      "強勢族群等級": "弱勢/資金不足",
      "族群輪動狀態": "資金退潮",
      "族群策略建議": "族群資金不足，只保留個股訊號很強且風險低者。",
      "族群資金流說明": "弱勢/資金不足｜資金退潮｜強勢比例50.0%｜量能66.0｜密度50.0%",
      "類股熱度排名": 3
    },
    {
      "類別": "其他_官方未知",
      "股票數": 4,
      "類股平均總分": 65.2026559772,
      "類股平均訊號": 3.0,
      "類股平均漲幅": 17.5972021044,
      "類股平均雷達": 64.45,
      "類股平均自動因子": 78.3517742569,
      "類股平均起漲前兆": 60.14,
      "類股平均交易可行": 48.5888966346,
      "類股平均型態突破": 84.0,
      "類股平均爆發力": 50.0,
      "同族群平均量能分": 48.75,
      "同族群強勢比例": 25.0,
      "同族群推薦密度": 75.0,
      "類股熱度分數": 67.3188612578,
      "類股加速度": 51.9482757057,
      "族群資金流分數": 48.775689627,
      "強勢族群等級": "弱勢/資金不足",
      "族群輪動狀態": "資金退潮",
      "族群策略建議": "族群資金不足，只保留個股訊號很強且風險低者。",
      "族群資金流說明": "弱勢/資金不足｜資金退潮｜強勢比例25.0%｜量能48.8｜密度75.0%",
      "類股熱度排名": 4
    },
    {
      "類別": "汽車",
      "股票數": 5,
      "類股平均總分": 62.5705104376,
      "類股平均訊號": 3.0,
      "類股平均漲幅": -3.619093221,
      "類股平均雷達": 65.52,
      "類股平均自動因子": 73.7523858747,
      "類股平均起漲前兆": 57.184,
      "類股平均交易可行": 55.2280166958,
      "類股平均型態突破": 60.8,
      "類股平均爆發力": 58.8,
      "同族群平均量能分": 48.0,
      "同族群強勢比例": 20.0,
      "同族群推薦密度": 60.0,
      "類股熱度分數": 59.0571993968,
      "類股加速度": 48.1269665594,
      "族群資金流分數": 43.1788539807,
      "強勢族群等級": "弱勢/資金不足",
      "族群輪動狀態": "資金退潮",
      "族群策略建議": "族群資金不足，只保留個股訊號很強且風險低者。",
      "族群資金流說明": "弱勢/資金不足｜資金退潮｜強勢比例20.0%｜量能48.0｜密度60.0%",
      "類股熱度排名": 5
    },
    {
      "類別": "水泥工業",
      "股票數": 3,
      "類股平均總分": 54.2091897324,
      "類股平均訊號": 1.6666666667,
      "類股平均漲幅": -2.9420035709,
      "類股平均雷達": 55.6666666667,
      "類股平均自動因子": 67.3950452169,
      "類股平均起漲前兆": 58.6,
      "類股平均交易可行": 50.599328534,
      "類股平均型態突破": 75.0,
      "類股平均爆發力": 50.6666666667,
      "同族群平均量能分": 50.0,
      "同族群強勢比例": 0.0,
      "同族群推薦密度": 66.6666666667,
      "類股熱度分數": 47.4298707418,
      "類股加速度": 42.6269717307,
      "族群資金流分數": 37.9695215782,
      "強勢族群等級": "弱勢/資金不足",
      "族群輪動狀態": "資金退潮",
      "族群策略建議": "族群資金不足，只保留個股訊號很強且風險低者。",
      "族群資金流說明": "弱勢/資金不足｜資金退潮｜強勢比例0.0%｜量能50.0｜密度66.7%",
      "類股熱度排名": 6
    },
    {
      "類別": "車用電子",
      "股票數": 2,
      "類股平均總分": 50.6172285725,
      "類股平均訊號": 2.0,
      "類股平均漲幅": -24.1026483611,
      "類股平均雷達": 55.8,
      "類股平均自動因子": 60.5457849761,
      "類股平均起漲前兆": 51.26,
      "類股平均交易可行": 54.7516806211,
      "類股平均型態突破": 63.0,
      "類股平均爆發力": 56.0,
      "同族群平均量能分": 60.0,
      "同族群強勢比例": 0.0,
      "同族群推薦密度": 50.0,
      "類股熱度分數": 39.8046707219,
      "類股加速度": 37.6788594192,
      "族群資金流分數": 36.0521946955,
      "強勢族群等級": "弱勢/資金不足",
      "族群輪動狀態": "資金退潮",
      "族群策略建議": "族群資金不足，只保留個股訊號很強且風險低者。",
      "族群資金流說明": "弱勢/資金不足｜資金退潮｜強勢比例0.0%｜量能60.0｜密度50.0%",
      "類股熱度排名": 7
    },
    {
      "類別": "電機機械",
      "股票數": 2,
      "類股平均總分": 58.6936165484,
      "類股平均訊號": 3.5,
      "類股平均漲幅": -45.9444135893,
      "類股平均雷達": 68.8,
      "類股平均自動因子": 69.3412676293,
      "類股平均起漲前兆": 49.76,
      "類股平均交易可行": 52.1960868543,
      "類股平均型態突破": 68.5,
      "類股平均爆發力": 67.0,
      "同族群平均量能分": 35.0,
      "同族群強勢比例": 0.0,
      "同族群推薦密度": 50.0,
      "類股熱度分數": 46.2821524005,
      "類股加速度": 38.5612229248,
      "族群資金流分數": 31.7560201265,
      "強勢族群等級": "弱勢/資金不足",
      "族群輪動狀態": "資金退潮",
      "族群策略建議": "族群資金不足，只保留個股訊號很強且風險低者。",
      "族群資金流說明": "弱勢/資金不足｜資金退潮｜強勢比例0.0%｜量能35.0｜密度50.0%",
      "類股熱度排名": 8
    }
  ],
  "hot_pick": []
}