{
  "saved_at": "2026-04-28 09:06:19",
  "weights": {
    "市場環境": 10,
    "技術結構": 15,
    "起漲前兆": 20,
    "類股熱度": 15,
    "自動因子": 10,
    "交易可行": 10,
    "型態突破": 12,
    "爆發力": 8
  },
  "recommendations": [
    {
      "勾選": false,
      "股票代號": "2330",
      "股票名稱": "台積電",
      "市場別": "上市",
      "類別": "晶圓代工",
      "最新價": 2215.0,
      "區間漲跌幅%": 44.7712418301,
      "訊號分數": 3.0,
      "雷達均分": 67.6,
      "技術結構分數": 67.7388235294,
      "起漲前兆分數": 57.72,
      "交易可行分數": 45.7723838284,
      "追價風險分數": 72.0,
      "拉回買點分數": 62.4098360656,
      "突破買點分數": 27.6796992481,
      "風險報酬評級": "D",
      "自動因子總分": 82.1070159418,
      "EPS代理分數": 75.75,
      "營收動能代理分數": 84.609023371,
      "獲利代理分數": 93.976056338,
      "大戶鎖碼代理分數": 63.2,
      "法人連買代理分數": 93.0,
      "20日壓力距離%": 4.9356223176,
      "20日支撐距離%": 25.8522727273,
      "個股原始總分": 68.336612896,
      "市場環境分數": 89.626,
      "市場環境": "市場順風",
      "型態名稱": "整理中",
      "型態突破分數": 71.0,
      "突破風險": "正常",
      "爆發力分數": 86.0,
      "爆發等級": "高爆發",
      "推薦型態": "止跌反彈",
      "機會型態": "止跌反彈",
      "低檔位置分數": 23.2,
      "拉回承接分數": 50.0,
      "支撐回測分數": 48.0,
      "止跌轉強分數": 80.6,
      "機會股分數": 46.49,
      "機會股說明": "止跌轉強、追高風險偏高，等回測、鄰近支撐 2004.00",
      "進場時機": "不宜追高",
      "進場時機分數": 64.99,
      "建議動作": "等拉回，不追價",
      "等待條件": "等追高風險下降、守住支撐 2004.00、突破 2330.00 轉強",
      "近端支撐": 2004.0,
      "主要支撐": 1740.0,
      "近端壓力": 2330.0,
      "突破確認價": 2330.0,
      "停損參考": 1760.0,
      "操作區間": "2004.00 ~ 2215.00",
      "風險報酬比_決策": 0.25,
      "追高風險分數_決策": 100.0,
      "追高風險等級": "高",
      "是否建議追價": "否",
      "風險扣分原因": "5日漲幅偏大、20日漲幅偏大、股價離月線過遠",
      "決策說明": "不宜追高；等拉回，不追價。 風險：5日漲幅偏大、20日漲幅偏大、股價離月線過遠。 支撐/壓力參考：2,004.00 / 2,330.00。",
      "建議切入區": "2,004.00 ~ 2,330.00",
      "起漲判斷": "偏多轉強候選",
      "推薦買點_突破": 2330.0,
      "推薦買點_拉回": 2004.0,
      "停損價": 1760.0,
      "賣出目標1": 2330.0,
      "賣出目標2": 2399.4285714286,
      "風險報酬_拉回": "1 : 1.34",
      "風險報酬_突破": "1 : 0.12",
      "自動因子摘要": "EPS代理 75.8 / 營收動能代理 84.6 / 獲利代理 94.0 / 大戶鎖碼代理 63.2 / 法人連買代理 93.0",
      "雷達摘要": "整體評分偏強，可優先列入觀察名單。",
      "風險分數": 75.4,
      "淘汰原因": "歷史資料不足90天",
      "均線轉強分": 83.0,
      "量能啟動分": 60.0,
      "突破準備分": 72.0,
      "動能翻多分": 33.6,
      "支撐防守分": 40.0,
      "推薦模式": "飆股模式",
      "類股平均總分": 68.336612896,
      "類股平均訊號": 3.0,
      "類股平均漲幅": 44.7712418301,
      "類股熱度分數": 77.5562909095,
      "類股熱度排名": 1,
      "類股加速度": 55.1873002951,
      "類股平均型態突破": 71.0,
      "類股平均爆發力": 86.0,
      "族群資金流分數": 50.7037140531,
      "強勢族群等級": "弱勢/資金不足",
      "族群輪動狀態": "高檔鈍化",
      "同族群強勢比例": 0.0,
      "同族群推薦密度": 100.0,
      "同族群平均量能分": 60.0,
      "族群策略建議": "族群熱但加速度下降，避免追價，等拉回或量縮整理。",
      "族群資金流說明": "弱勢/資金不足｜高檔鈍化｜強勢比例0.0%｜量能60.0｜密度100.0%",
      "同類股領先幅度": 50.0,
      "是否領先同類股": "是",
      "類股內排名": 1,
      "類股前3強": "是",
      "推薦總分": 77.4379785482,
      "推薦標籤": "爆發優先 / 起漲優先",
      "族群資金流加權": -0.93,
      "推薦等級": "優先觀察",
      "推薦理由摘要": "市場順風、族群熱度高、類股前3強、領先同類股、爆發力佳、止跌轉強、追高風險偏高，等回測、鄰近支撐 2004.00｜切入區 2,004.00 ~ 2,330.00｜停損 1,760.00｜目標1 2,330.00",
      "3日績效%": null,
      "5日績效%": null,
      "10日績效%": null,
      "20日績效%": null,
      "買點分級": "C｜僅列觀察",
      "過熱風險": "低｜未見明顯過熱",
      "假突破風險": "中｜交易可行分數偏低",
      "推薦分桶": "族群領先｜看類股延續",
      "飆股起漲分數": 57.72,
      "起漲等級": "C｜初步轉強",
      "起漲摘要": "小漲轉強、量能大幅放大、盤中挑戰20日高",
      "信心等級": "B級｜等待確認",
      "買點劇本": "族群領先｜看類股延續｜現價 2,215.00｜拉回觀察 2,004.00｜突破確認 2,330.00｜失守 1,760.00 轉弱｜目標1 2,330.00｜目標2 2,399.43",
      "失效條件": "跌破停損 1,760.00｜回測 2,004.00 無法守住｜連續轉弱需降級觀察",
      "風險說明": "追價需控管｜風險相對可控｜停損 1,760.00｜目標1 2,330.00",
      "股神推論邏輯": "晶圓代工族群、飆股模式、類股熱度高、領先同類股",
      "權重設定": "市場環境10% / 技術結構15% / 起漲前兆20% / 類股熱度15% / 自動因子10% / 交易可行10% / 型態突破12% / 爆發力8%",
      "大盤加權分": 0.0,
      "大盤風險濾網": "只控風險",
      "大盤參考等級": "C｜僅作風險濾網",
      "大盤可參考分數": 59.83,
      "大盤推薦權重": "建議權重 10%~25%",
      "大盤降權原因": "方向不夠集中，只作風險濾網",
      "大盤操作風格": "低接不追高",
      "大盤市場廣度分數": 61.67,
      "大盤量價確認分數": 64.0,
      "大盤權值支撐分數": 71.73,
      "大盤推薦同步分數": 43.54,
      "大盤資料日期": "2026-04-28",
      "3日追蹤預留": "2330｜2026-04-28｜待回填3日最高漲幅/最大回撤/是否觸價",
      "5日追蹤預留": "2330｜2026-04-28｜待回填5日最高漲幅/最大回撤/是否觸價",
      "10日追蹤預留": "2330｜2026-04-28｜待回填10日最高漲幅/最大回撤/是否觸價",
      "20日追蹤預留": "2330｜2026-04-28｜待回填20日最高漲幅/最大回撤/是否觸價",
      "大盤情境分桶": "C｜震盪控風險",
      "風險報酬比": 0.25,
      "停損距離%": 20.54,
      "目標報酬%": 5.19,
      "追價風險分": 74.22,
      "股神決策模式": "震盪精選模式",
      "股神進場建議": "列入觀察名單",
      "建議部位%": 0,
      "推薦分層": "觀察不追",
      "不建議買進原因": "停損距離過大、風險報酬比不足、買點條件尚未完整",
      "最佳操作劇本": "列入觀察名單｜拉回觀察 2004.00｜突破確認 2330.00｜失效停損 1760.00｜第一目標 2330.00",
      "隔日操作建議": "等量價確認後再動作",
      "失效價位": 1760.0,
      "轉弱條件": "跌破停損 1760.00、跌破MA20且量增、推薦分層轉弱",
      "大盤情境調權說明": "C｜震盪控風險｜大盤加權+0.00｜只控風險",
      "單檔風險等級": "高風險",
      "建議倉位%": 0,
      "建議投入等級": "暫不投入",
      "第一筆進場%": 30.0,
      "分批策略": "不進場，等待條件成熟",
      "第二筆加碼條件": "站穩突破確認價 2330.00、回測支撐 2004.00 不破、量能重新放大且收紅K",
      "停利策略": "目標1 2330.00 先停利1/3；目標2 2399.43 再分批出場",
      "停損策略": "跌破 1760.00 或跌破停損 1760.00、跌破MA20且量增、推薦分層轉弱，先停損/減碼",
      "最大風險%": 0.0,
      "資金風險說明": "目前條件不足，不配置資金",
      "族群集中警示": "晶圓代工 推薦密度偏高，注意同族群集中風險",
      "組合配置建議": "僅列衛星部位，避免重倉；需嚴格依停損策略執行",
      "大盤多空分數": 60.37,
      "大盤策略模式": "震盪選股",
      "推薦積極度係數": 0.73,
      "適合推薦型態": "低檔轉強、回測支撐、量縮整理後轉強",
      "大盤策略建議": "大盤分數60.4，不宜全面追價，優先低檔轉強與回測支撐。",
      "大盤風控建議": "震盪盤，推薦積極度0.73；避免突破失敗，需等待量能確認。",
      "動態建議倉位%": 0.0,
      "市場策略調整說明": "原建議倉位0.0% × 大盤策略係數0.73 → 動態倉位0.0%。"
    },
    {
      "勾選": false,
      "股票代號": "2344",
      "股票名稱": "華邦電",
      "市場別": "上市",
      "類別": "記憶體",
      "最新價": 95.5,
      "區間漲跌幅%": 24.1872537127,
      "訊號分數": 2.0,
      "雷達均分": 68.0,
      "技術結構分數": 56.7537056683,
      "起漲前兆分數": 53.0,
      "交易可行分數": 52.425759526,
      "追價風險分數": 35.0,
      "拉回買點分數": 50.0487114919,
      "突破買點分數": 34.6543266121,
      "風險報酬評級": "D",
      "自動因子總分": 68.5957542038,
      "EPS代理分數": 54.75,
      "營收動能代理分數": 59.0991250011,
      "獲利代理分數": 69.6796460177,
      "大戶鎖碼代理分數": 67.2,
      "法人連買代理分數": 92.25,
      "20日壓力距離%": 2.5510204082,
      "20日支撐距離%": 13.9618096923,
      "個股原始總分": 59.4346995651,
      "市場環境分數": 89.626,
      "市場環境": "市場順風",
      "型態名稱": "箱型整理待突破",
      "型態突破分數": 71.0,
      "突破風險": "正常",
      "爆發力分數": 56.0,
      "爆發等級": "普通",
      "推薦型態": "止跌反彈",
      "機會型態": "止跌反彈",
      "低檔位置分數": 78.0,
      "拉回承接分數": 48.0,
      "支撐回測分數": 67.0,
      "止跌轉強分數": 88.4,
      "機會股分數": 70.04,
      "機會股說明": "位置接近低檔、止跌轉強、追高風險相對低、鄰近支撐 91.29",
      "進場時機": "可分批進場",
      "進場時機分數": 89.21,
      "建議動作": "小量分批，嚴守停損",
      "等待條件": "守住支撐 91.29、突破 98.00 轉強",
      "近端支撐": 91.29,
      "主要支撐": 83.8,
      "近端壓力": 98.0,
      "突破確認價": 98.0,
      "停損參考": 83.8,
      "操作區間": "91.29 ~ 95.50",
      "風險報酬比_決策": 0.21,
      "追高風險分數_決策": 27.0,
      "追高風險等級": "低",
      "是否建議追價": "不追價，可分批",
      "風險扣分原因": "接近壓力區",
      "決策說明": "可分批進場；小量分批，嚴守停損。 風險：接近壓力區。 支撐/壓力參考：91.29 / 98.00。",
      "建議切入區": "91.29 ~ 98.00",
      "起漲判斷": "偏多轉強候選",
      "推薦買點_突破": 98.0,
      "推薦買點_拉回": 91.2949996948,
      "停損價": 83.8000030518,
      "賣出目標1": 98.0,
      "賣出目標2": 136.0,
      "風險報酬_拉回": "1 : 0.89",
      "風險報酬_突破": "1 : 2.68",
      "自動因子摘要": "EPS代理 54.8 / 營收動能代理 59.1 / 獲利代理 69.7 / 大戶鎖碼代理 67.2 / 法人連買代理 92.2",
      "雷達摘要": "整體評分偏強，可優先列入觀察名單。",
      "風險分數": 73.6,
      "淘汰原因": "歷史資料不足90天",
      "均線轉強分": 43.0,
      "量能啟動分": 45.0,
      "突破準備分": 72.0,
      "動能翻多分": 65.0,
      "支撐防守分": 40.0,
      "推薦模式": "飆股模式",
      "類股平均總分": 59.4346995651,
      "類股平均訊號": 2.0,
      "類股平均漲幅": 24.1872537127,
      "類股熱度分數": 60.8531275707,
      "類股熱度排名": 2,
      "類股加速度": 46.6888575735,
      "類股平均型態突破": 71.0,
      "類股平均爆發力": 56.0,
      "族群資金流分數": 25.7739943632,
      "強勢族群等級": "弱勢/資金不足",
      "族群輪動狀態": "資金退潮",
      "同族群強勢比例": 0.0,
      "同族群推薦密度": 0.0,
      "同族群平均量能分": 45.0,
      "族群策略建議": "族群資金不足，只保留個股訊號很強且風險低者。",
      "族群資金流說明": "弱勢/資金不足｜資金退潮｜強勢比例0.0%｜量能45.0｜密度0.0%",
      "同類股領先幅度": 50.0,
      "是否領先同類股": "是",
      "類股內排名": 1,
      "類股前3強": "是",
      "推薦總分": 66.7957763588,
      "推薦標籤": "爆發優先 / 起漲優先",
      "族群資金流加權": -2.0,