{
  "saved_at": "2026-04-27 10:51:22",
  "weights": {
    "市場環境": 5,
    "技術結構": 17,
    "起漲前兆": 19,
    "類股熱度": 15,
    "自動因子": 10,
    "交易可行": 10,
    "型態突破": 14,
    "爆發力": 10
  },
  "recommendations": [],
  "category_strength": [
    {
      "類別": "晶圓代工",
      "股票數": 1,
      "類股平均總分": 80.3381099492,
      "類股平均訊號": 5.0,
      "類股平均漲幅": 48.0392156863,
      "類股平均雷達": 78.0,
      "類股平均自動因子": 89.4561314229,
      "類股平均起漲前兆": 64.0,
      "類股平均交易可行": 45.7332436442,
      "類股平均型態突破": 79.0,
      "類股平均爆發力": 86.0,
      "類股熱度分數": 96.2619555761,
      "類股加速度": 66.5937075524,
      "類股熱度排名": 1
    },
    {
      "類別": "記憶體",
      "股票數": 1,
      "類股平均總分": 68.0903372989,
      "類股平均訊號": 4.0,
      "類股平均漲幅": 22.1066319896,
      "類股平均雷達": 72.0,
      "類股平均自動因子": 71.8003701717,
      "類股平均起漲前兆": 56.4,
      "類股平均交易可行": 55.3054134069,
      "類股平均型態突破": 71.0,
      "類股平均爆發力": 78.0,
      "類股熱度分數": 75.043461101,
      "類股加速度": 56.4202764395,
      "類股熱度排名": 2
    }
  ],
  "hot_pick": []
}