{
  "saved_at": "2026-04-28 06:00:44",
  "weights": {
    "市場環境": 5,
    "技術結構": 15,
    "起漲前兆": 15,
    "類股熱度": 15,
    "自動因子": 10,
    "交易可行": 10,
    "型態突破": 15,
    "爆發力": 15
  },
  "recommendations": [],
  "category_strength": [
    {
      "類別": "航空觀光",
      "股票數": 1,
      "類股平均總分": 81.388088018,
      "類股平均訊號": 6.0,
      "類股平均漲幅": 34.2622975834,
      "類股平均雷達": 78.0,
      "類股平均自動因子": 83.6372099548,
      "類股平均起漲前兆": 67.4,
      "類股平均交易可行": 48.6529540642,
      "類股平均型態突破": 79.0,
      "類股平均爆發力": 86.0,
      "同族群平均量能分": 60.0,
      "同族群強勢比例": 100.0,
      "同族群推薦密度": 100.0,
      "類股熱度分數": 97.3570650663,
      "類股加速度": 70.2278043778,
      "族群資金流分數": 83.811004788,
      "強勢族群等級": "A級強勢輪動",
      "族群輪動狀態": "輪動轉強",
      "族群策略建議": "族群開始輪動，先挑類股內前段班並控管停損。",
      "族群資金流說明": "A級強勢輪動｜輪動轉強｜強勢比例100.0%｜量能60.0｜密度100.0%",
      "類股熱度排名": 1
    },
    {
      "類別": "其他_官方未知",
      "股票數": 5,
      "類股平均總分": 65.8214408456,
      "類股平均訊號": 3.0,
      "類股平均漲幅": 19.7546740548,
      "類股平均雷達": 65.28,
      "類股平均自動因子": 79.5526771485,
      "類股平均起漲前兆": 59.576,
      "類股平均交易可行": 48.5696762611,
      "類股平均型態突破": 89.0,
      "類股平均爆發力": 58.4,
      "同族群平均量能分": 58.8,
      "同族群強勢比例": 60.0,
      "同族群推薦密度": 80.0,
      "類股熱度分數": 68.3917403921,
      "類股加速度": 52.0789765821,
      "族群資金流分數": 63.2482157848,
      "強勢族群等級": "C級觀察族群",
      "族群輪動狀態": "中性輪動",
      "族群策略建議": "族群中性，個股條件需明確優於同類股。",
      "族群資金流說明": "C級觀察族群｜中性輪動｜強勢比例60.0%｜量能58.8｜密度80.0%",
      "類股熱度排名": 2
    },
    {
      "類別": "汽車",
      "股票數": 5,
      "類股平均總分": 54.4835152318,
      "類股平均訊號": 2.2,
      "類股平均漲幅": -4.1832272333,
      "類股平均雷達": 59.04,
      "類股平均自動因子": 64.0643198695,
      "類股平均起漲前兆": 52.384,
      "類股平均交易可行": 53.8145023455,
      "類股平均型態突破": 60.0,
      "類股平均爆發力": 60.0,
      "同族群平均量能分": 49.4,
      "同族群強勢比例": 20.0,
      "同族群推薦密度": 40.0,
      "類股熱度分數": 49.4369499346,
      "類股加速度": 42.3827195671,
      "族群資金流分數": 38.8968895221,
      "強勢族群等級": "弱勢/資金不足",
      "族群輪動狀態": "資金退潮",
      "族群策略建議": "族群資金不足，只保留個股訊號很強且風險低者。",
      "族群資金流說明": "弱勢/資金不足｜資金退潮｜強勢比例20.0%｜量能49.4｜密度40.0%",
      "類股熱度排名": 3
    },
    {
      "類別": "紡織製鞋",
      "股票數": 17,
      "類股平均總分": 48.346991958,
      "類股平均訊號": 1.0588235294,
      "類股平均漲幅": -1.5498479307,
      "類股平均雷達": 53.8,
      "類股平均自動因子": 61.088494237,
      "類股平均起漲前兆": 47.6705882353,
      "類股平均交易可行": 53.1708638252,
      "類股平均型態突破": 61.8823529412,
      "類股平均爆發力": 59.8823529412,
      "同族群平均量能分": 54.8235294118,
      "同族群強勢比例": 29.4117647059,
      "同族群推薦密度": 17.6470588235,
      "類股熱度分數": 40.5238257188,
      "類股加速度": 36.042258961,
      "族群資金流分數": 37.8346654365,
      "強勢族群等級": "弱勢/資金不足",
      "族群輪動狀態": "資金退潮",
      "族群策略建議": "族群資金不足，只保留個股訊號很強且風險低者。",
      "族群資金流說明": "弱勢/資金不足｜資金退潮｜強勢比例29.4%｜量能54.8｜密度17.6%",
      "類股熱度排名": 4
    },
    {
      "類別": "塑化",
      "股票數": 4,
      "類股平均總分": 60.4349012006,
      "類股平均訊號": 2.25,
      "類股平均漲幅": 36.5768148905,
      "類股平均雷達": 61.2,
      "類股平均自動因子": 75.6684536844,
      "類股平均起漲前兆": 46.54,
      "類股平均交易可行": 49.9626534945,
      "類股平均型態突破": 67.5,
      "類股平均爆發力": 58.0,
      "同族群平均量能分": 25.0,
      "同族群強勢比例": 25.0,
      "同族群推薦密度": 50.0,
      "類股熱度分數": 65.4583675433,
      "類股加速度": 46.5193573792,
      "族群資金流分數": 37.8084843283,
      "強勢族群等級": "弱勢/資金不足",
      "族群輪動狀態": "資金退潮",
      "族群策略建議": "族群資金不足，只保留個股訊號很強且風險低者。",
      "族群資金流說明": "弱勢/資金不足｜資金退潮｜強勢比例25.0%｜量能25.0｜密度50.0%",
      "類股熱度排名": 5
    },
    {
      "類別": "電機機械",
      "股票數": 9,
      "類股平均總分": 42.6652597236,
      "類股平均訊號": 0.0,
      "類股平均漲幅": -7.3816388394,
      "類股平均雷達": 51.7333333333,
      "類股平均自動因子": 56.4521198988,
      "類股平均起漲前兆": 48.6222222222,
      "類股平均交易可行": 49.9872601908,
      "類股平均型態突破": 66.7777777778,
      "類股平均爆發力": 57.5555555556,
      "同族群平均量能分": 47.6666666667,
      "同族群強勢比例": 33.3333333333,
      "同族群推薦密度": 11.1111111111,
      "類股熱度分數": 30.4704026819,
      "類股加速度": 30.5487570471,
      "族群資金流分數": 35.3532207129,
      "強勢族群等級": "弱勢/資金不足",
      "族群輪動狀態": "資金退潮",
      "族群策略建議": "族群資金不足，只保留個股訊號很強且風險低者。",
      "族群資金流說明": "弱勢/資金不足｜資金退潮｜強勢比例33.3%｜量能47.7｜密度11.1%",
      "類股熱度排名": 6
    },
    {
      "類別": "食品民生",
      "股票數": 9,
      "類股平均總分": 45.1420767046,
      "類股平均訊號": 0.3333333333,
      "類股平均漲幅": 9.567572558,
      "類股平均雷達": 51.6,
      "類股平均自動因子": 59.7245929845,
      "類股平均起漲前兆": 44.8088888889,
      "類股平均交易可行": 49.2374172539,
      "類股平均型態突破": 64.2222222222,
      "類股平均爆發力": 57.3333333333,
      "同族群平均量能分": 47.7777777778,
      "同族群強勢比例": 11.1111111111,
      "同族群推薦密度": 33.3333333333,
      "類股熱度分數": 38.334755854,
      "類股加速度": 33.0669798446,
      "族群資金流分數": 33.0209452609,
      "強勢族群等級": "弱勢/資金不足",
      "族群輪動狀態": "資金退潮",
      "族群策略建議": "族群資金不足，只保留個股訊號很強且風險低者。",
      "族群資金流說明": "弱勢/資金不足｜資金退潮｜強勢比例11.1%｜量能47.8｜密度33.3%",
      "類股熱度排名": 7
    },
    {
      "類別": "其他_主題未映射",
      "股票數": 4,
      "類股平均總分": 39.6240040401,
      "類股平均訊號": 0.0,
      "類股平均漲幅": -9.9287313402,
      "類股平均雷達": 47.65,
      "類股平均自動因子": 52.7296957515,
      "類股平均起漲前兆": 43.43,
      "類股平均交易可行": 51.6497005609,
      "類股平均型態突破": 56.0,
      "類股平均爆發力": 57.5,
      "同族群平均量能分": 58.75,
      "同族群強勢比例": 25.0,
      "同族群推薦密度": 0.0,
      "類股熱度分數": 27.0806905925,
      "類股加速度": 28.086268471,
      "族群資金流分數": 32.3055283248,
      "強勢族群等級": "弱勢/資金不足",
      "族群輪動狀態": "資金退潮",
      "族群策略建議": "族群資金不足，只保留個股訊號很強且風險低者。",
      "族群資金流說明": "弱勢/資金不足｜資金退潮｜強勢比例25.0%｜量能58.8｜密度0.0%",
      "類股熱度排名": 8
    },
    {
      "類別": "水泥工業",
      "股票數": 3,
      "類股平均總分": 41.781519402,
      "類股平均訊號": -0.3333333333,
      "類股平均漲幅": 0.1078000542,
      "類股平均雷達": 46.6666666667,
      "類股平均自動因子": 58.8193016541,
      "類股平均起漲前兆": 49.8,
      "類股平均交易可行": 47.2091460214,
      "類股平均型態突破": 66.3333333333,
      "類股平均爆發力": 50.6666666667,
      "同族群平均量能分": 43.3333333333,
      "同族群強勢比例": 0.0,
      "同族群推薦密度": 33.3333333333,
      "類股熱度分數": 30.4009709817,
      "類股加速度": 30.5378998807,
      "族群資金流分數": 27.8934886452,
      "強勢族群等級": "弱勢/資金不足",
      "族群輪動狀態": "資金退潮",
      "族群策略建議": "族群資金不足，只保留個股訊號很強且風險低者。",
      "族群資金流說明": "弱勢/資金不足｜資金退潮｜強勢比例0.0%｜量能43.3｜密度33.3%",
      "類股熱度排名": 9
    },
    {
      "類別": "半導體設備材料",
      "股票數": 1,
      "類股平均總分": 54.2914797862,
      "類股平均訊號": 1.0,
      "類股平均漲幅": 40.3973509934,
      "類股平均雷達": 54.6,
      "類股平均自動因子": 71.5905210267,
      "類股平均起漲前兆": 47.72,
      "類股平均交易可行": 48.7230378609,
      "類股平均型態突破": 61.0,
      "類股平均爆發力": 64.0,
      "同族群平均量能分": 45.0,
      "同族群強勢比例": 0.0,
      "同族群推薦密度": 0.0,
      "類股熱度分數": 56.6820291812,
      "類股加速度": 42.490130751,
      "族群資金流分數": 25.0782235352,
      "強勢族群等級": "弱勢/資金不足",
      "族群輪動狀態": "資金退潮",
      "族群策略建議": "族群資金不足，只保留個股訊號很強且風險低者。",
      "族群資金流說明": "弱勢/資金不足｜資金退潮｜強勢比例0.0%｜量能45.0｜密度0.0%",
      "類股熱度排名": 10
    },
    {
      "類別": "電子零組件業",
      "股票數": 1,
      "類股平均總分": 32.7914375986,
      "類股平均訊號": -1.0,
      "類股平均漲幅": -12.7388536579,
      "類股平均雷達": 39.2,
      "類股平均自動因子": 43.9563883261,
      "類股平均起漲前兆": 50.12,
      "類股平均交易可行": 49.9699079759,
      "類股平均型態突破": 55.0,
      "類股平均爆發力": 56.0,
      "同族群平均量能分": 60.0,
      "同族群強勢比例": 0.0,
      "同族群推薦密度": 0.0,
      "類股熱度分數": 17.1663359562,
      "類股加速度": 26.2549879368,
      "族群資金流分數": 24.5958978286,
      "強勢族群等級": "弱勢/資金不足",
      "族群輪動狀態": "資金退潮",
      "族群策略建議": "族群資金不足，只保留個股訊號很強且風險低者。",
      "族群資金流說明": "弱勢/資金不足｜資金退潮｜強勢比例0.0%｜量能60.0｜密度0.0%",
      "類股熱度排名": 11
    },
    {
      "類別": "建材營造業",
      "股票數": 1,
      "類股平均總分": 33.1747400623,
      "類股平均訊號": -1.0,
      "類股平均漲幅": -11.7647069823,
      "類股平均雷達": 43.6,
      "類股平均自動因子": 44.9295936632,
      "類股平均起漲前兆": 43.12,
      "類股平均交易可行": 52.907289928,
      "類股平均型態突破": 45.0,
      "類股平均爆發力": 56.0,
      "同族群平均量能分": 60.0,
      "同族群強勢比例": 0.0,
      "同族群推薦密度": 0.0,
      "類股熱度分數": 17.5661722227,
      "類股加速度": 23.8678107288,
      "族群資金流分數": 23.6662059312,
      "強勢族群等級": "弱勢/資金不足",
      "族群輪動狀態": "資金退潮",
      "族群策略建議": "族群資金不足，只保留個股訊號很強且風險低者。",
      "族群資金流說明": "弱勢/資金不足｜資金退潮｜強勢比例0.0%｜量能60.0｜密度0.0%",
      "類股熱度排名": 12
    },
    {
      "類別": "車用電子",
      "股票數": 3,