{
  "saved_at": "2026-04-30 07:08:31",
  "weights": {
    "市場環境": 10,
    "技術結構": 15,
    "起漲前兆": 20,
    "類股熱度": 15,
    "自動因子": 10,
    "交易可行": 10,
    "型態突破": 12,
    "爆發力": 8
  },
  "recommendations": [],
  "category_strength": [
    {
      "類別": "水泥工業",
      "股票數": 1,
      "類股平均總分": 72.8811906637,
      "類股平均訊號": 4.0,
      "類股平均漲幅": -0.3225818757,
      "類股平均雷達": 71.0,
      "類股平均自動因子": 83.4460526353,
      "類股平均起漲前兆": 73.6,
      "類股平均交易可行": 53.3367971543,
      "類股平均型態突破": 81.0,
      "類股平均爆發力": 48.0,
      "同族群平均量能分": 45.0,
      "同族群強勢比例": 100.0,
      "同族群推薦密度": 100.0,
      "類股熱度分數": 72.5090335018,
      "類股加速度": 59.7292946932,
      "族群資金流分數": 76.0612730448,
      "強勢族群等級": "A級強勢輪動",
      "族群輪動狀態": "高檔鈍化",
      "族群策略建議": "族群熱但加速度下降，避免追價，等拉回或量縮整理。",
      "族群資金流說明": "A級強勢輪動｜高檔鈍化｜強勢比例100.0%｜量能45.0｜密度100.0%",
      "類股熱度排名": 1
    },
    {
      "類別": "塑化",
      "股票數": 3,
      "類股平均總分": 74.0571596643,
      "類股平均訊號": 4.3333333333,
      "類股平均漲幅": 38.0355662881,
      "類股平均雷達": 71.2,
      "類股平均自動因子": 84.8202799617,
      "類股平均起漲前兆": 57.1066666667,
      "類股平均交易可行": 52.3290930383,
      "類股平均型態突破": 73.0,
      "類股平均爆發力": 66.6666666667,
      "同族群平均量能分": 25.0,
      "同族群強勢比例": 100.0,
      "同族群推薦密度": 100.0,
      "類股熱度分數": 85.1639528469,
      "類股加速度": 60.3435538729,
      "族群資金流分數": 72.6785063638,
      "強勢族群等級": "B級轉強族群",
      "族群輪動狀態": "輪動轉強",
      "族群策略建議": "族群開始輪動，先挑類股內前段班並控管停損。",
      "族群資金流說明": "B級轉強族群｜輪動轉強｜強勢比例100.0%｜量能25.0｜密度100.0%",
      "類股熱度排名": 2
    },
    {
      "類別": "紡織製鞋",
      "股票數": 2,
      "類股平均總分": 70.6253989683,
      "類股平均訊號": 4.5,
      "類股平均漲幅": 3.2296128698,
      "類股平均雷達": 67.8,
      "類股平均自動因子": 80.3151804491,
      "類股平均起漲前兆": 58.76,
      "類股平均交易可行": 56.9920909799,
      "類股平均型態突破": 75.0,
      "類股平均爆發力": 48.0,
      "同族群平均量能分": 35.0,
      "同族群強勢比例": 50.0,
      "同族群推薦密度": 100.0,
      "類股熱度分數": 73.0956094834,
      "類股加速度": 56.4217485125,
      "族群資金流分數": 57.9659147323,
      "強勢族群等級": "C級觀察族群",
      "族群輪動狀態": "高檔鈍化",
      "族群策略建議": "族群熱但加速度下降，避免追價，等拉回或量縮整理。",
      "族群資金流說明": "C級觀察族群｜高檔鈍化｜強勢比例50.0%｜量能35.0｜密度100.0%",
      "類股熱度排名": 3
    },
    {
      "類別": "其他_官方未知",
      "股票數": 4,
      "類股平均總分": 64.2504896878,
      "類股平均訊號": 2.75,
      "類股平均漲幅": 31.6974772388,
      "類股平均雷達": 61.55,
      "類股平均自動因子": 78.9856634488,
      "類股平均起漲前兆": 56.36,
      "類股平均交易可行": 47.5705902296,
      "類股平均型態突破": 79.5,
      "類股平均爆發力": 56.0,
      "同族群平均量能分": 52.5,
      "同族群強勢比例": 50.0,
      "同族群推薦密度": 75.0,
      "類股熱度分數": 69.3478094428,
      "類股加速度": 51.5816639489,
      "族群資金流分數": 57.2296995108,
      "強勢族群等級": "C級觀察族群",
      "族群輪動狀態": "中性輪動",
      "族群策略建議": "族群中性，個股條件需明確優於同類股。",
      "族群資金流說明": "C級觀察族群｜中性輪動｜強勢比例50.0%｜量能52.5｜密度75.0%",
      "類股熱度排名": 4
    }
  ],
  "hot_pick": []
}