{
  "saved_at": "2026-04-24 16:08:55",
  "weights": {
    "市場環境": 3,
    "技術結構": 17,
    "起漲前兆": 22,
    "類股熱度": 15,
    "自動因子": 10,
    "交易可行": 10,
    "型態突破": 14,
    "爆發力": 9
  },
  "recommendations": [
    {
      "勾選": false,
      "股票代號": "6271",
      "股票名稱": "同欣電",
      "市場別": "上市",
      "類別": "半導體業",
      "最新價": 178.0,
      "區間漲跌幅%": 33.3333333333,
      "訊號分數": 3.0,
      "雷達均分": 61.6,
      "技術結構分數": 62.38,
      "起漲前兆分數": 49.32,
      "交易可行分數": 46.5386032415,
      "追價風險分數": 58.0,
      "拉回買點分數": 49.6075504829,
      "突破買點分數": 29.5468624833,
      "風險報酬評級": "D",
      "自動因子總分": 78.4663725037,
      "EPS代理分數": 69.75,
      "營收動能代理分數": 79.7872888752,
      "獲利代理分數": 98.5945736434,
      "大戶鎖碼代理分數": 67.2,
      "法人連買代理分數": 77.0,
      "20日壓力距離%": 8.0103359173,
      "20日支撐距離%": 27.1428571429,
      "個股原始總分": 63.5926995253,
      "市場環境分數": 90.262,
      "市場環境": "市場順風",
      "型態名稱": "整理中",
      "型態突破分數": 61.0,
      "突破風險": "正常",
      "爆發力分數": 64.0,
      "爆發等級": "觀察",
      "建議切入區": "168.47 ~ 193.50",
      "起漲判斷": "偏多轉強候選",
      "推薦買點_突破": 193.5,
      "推薦買點_拉回": 168.475,
      "停損價": 140.0,
      "賣出目標1": 193.5,
      "賣出目標2": 196.0,
      "風險報酬_拉回": "1 : 0.88",
      "風險報酬_突破": "1 : 0.05",
      "自動因子摘要": "EPS代理 69.8 / 營收動能代理 79.8 / 獲利代理 98.6 / 大戶鎖碼代理 67.2 / 法人連買代理 77.0",
      "雷達摘要": "整體評分中性，偏向整理或等待方向確認。",
      "風險分數": 75.4,
      "淘汰原因": "歷史資料不足90天",
      "均線轉強分": 83.0,
      "量能啟動分": 60.0,
      "突破準備分": 30.0,
      "動能翻多分": 33.6,
      "支撐防守分": 40.0,
      "推薦模式": "飆股模式",
      "類股平均總分": 63.5926995253,
      "類股平均訊號": 3.0,
      "類股平均漲幅": 33.3333333333,
      "類股熱度分數": 70.1629872342,
      "類股熱度排名": 1,
      "類股加速度": 49.5017206483,
      "類股平均型態突破": 61.0,
      "類股平均爆發力": 64.0,
      "同類股領先幅度": 50.0,
      "是否領先同類股": "是",
      "類股內排名": 1,
      "類股前3強": "是",
      "推薦總分": 67.8506056597,
      "推薦標籤": "爆發優先 / 起漲優先",
      "推薦等級": "可列追蹤",
      "推薦理由摘要": "市場順風、類股前3強、領先同類股｜切入區 168.47 ~ 193.50｜停損 140.00｜目標1 193.50",
      "3日績效%": null,
      "5日績效%": null,
      "10日績效%": null,
      "20日績效%": null,
      "買點分級": "C｜僅列觀察",
      "風險說明": "追價風險可控｜風險相對可控｜停損 140.00｜目標1 193.50",
      "股神推論邏輯": "半導體業族群、飆股模式、領先同類股",
      "權重設定": "市場環境3% / 技術結構17% / 起漲前兆22% / 類股熱度15% / 自動因子10% / 交易可行10% / 型態突破14% / 爆發力9%"
    }
  ],
  "category_strength": [
    {
      "類別": "半導體業",
      "股票數": 1,
      "類股平均總分": 63.5926995253,
      "類股平均訊號": 3.0,
      "類股平均漲幅": 33.3333333333,
      "類股平均雷達": 61.6,
      "類股平均自動因子": 78.4663725037,
      "類股平均起漲前兆": 49.32,
      "類股平均交易可行": 46.5386032415,
      "類股平均型態突破": 61.0,
      "類股平均爆發力": 64.0,
      "類股熱度分數": 70.1629872342,
      "類股加速度": 49.5017206483,
      "類股熱度排名": 1
    }
  ],
  "hot_pick": []
}